output_state,experiment,diagnosis
xx,103184552944414043_micro_set0_PLT_VIL_v1,batch_size>dataset_size
xx,103762592480278384_micro_set0_BRD_v1,NoCUDA
xx,103803642350621362_micro_set2_AWA_v1,NoCUDA
xx,103928587654824911_micro_set0_SPT_v1,NoCUDA
xx,10418691291570043_micro_set0_BCT_v1,NoCUDA
xx,104412890546033063_micro_set2_AWA_v1,NoCUDA
xx,104436354463255200_micro_set0_MD_MIX_v1,NoCUDA
xx,104565548055502628_micro_set1_APL_v1,NoCUDA
ok,104449439498554289_micro_set2_PLT_DOC_v1,success
xx,104644123037757055_micro_set1_DOG_v1,NoCUDA
xx,10531345681902461_micro_set0_FLW_v1,AMP
xx,107129798657881982_micro_set1_PNU_v1,NoCUDA
xx,107308798366653742_micro_set0_TEX_v1,NoCUDA
xx,107513085938561179_micro_set1_DOG_v1,diverged
xx,10896322529714181_micro_set2_ACT_410_v1,diverged
xx,109074602699507404_micro_set1_PNU_v1,diverged
ok,109473174602655523_micro_set2_RSD_v1,success
ok,109483860633104040_micro_set1_PNU_v1,success
ok,110221533437268957_micro_set1_MD_5_BIS_v1,success
ok,110615075798670054_micro_set2_RSD_v1,success
ok,111009347805074810_micro_set2_PLT_DOC_v1,success
ok,111345542427997539_micro_set1_MED_LF_v1,success
ok,111554506433028803_micro_set2_MD_6_v1,success
xx,11176648740487744_micro_set1_INS_2_v1,batch_size>dataset_size
ok,111826919517727942_micro_set1_ACT_40_v1,success
xx,11307935556209641_micro_set1_PLT_NET_v1,AMP
ok,114636843489509168_micro_set0_BRD_v1,success
xx,11532279393789497_micro_set1_ACT_40_v1,batch_size>dataset_size
ok,11646866914439090_micro_set2_RSD_v1,success
ok,116678857123127406_micro_set1_PLT_NET_v1,success
ok,116967584400112995_micro_set1_MD_5_BIS_v1,success
ok,11779897739860234_micro_set0_BCT_v1,success
ok,118202278518970531_micro_set1_MD_5_BIS_v1,success
ok,11842525431813255_micro_set0_PLK_v1,success
ok,11894483721835378_micro_set1_RSICB_v1,success
ok,11967270874595900_micro_set1_INS_2_v1,success
ok,119959374935522466_micro_set0_FLW_v1,success
xx,120804579338893324_micro_set1_MED_LF_v1,batch_size>dataset_size
ok,12107015967032032_micro_set1_MED_LF_v1,success
xx,12096950656405587_micro_set0_MD_MIX_v1,diverged
ok,121278013117631267_micro_set2_PLT_DOC_v1,success
ok,12204208789130624_micro_set0_BCT_v1,success
ok,122278862930794664_micro_set1_RSICB_v1,success
ok,12242330851157204_micro_set0_PLT_VIL_v1,success
ok,122684687635307757_micro_set0_RESISC_v1,success
ok,12313088415204053_micro_set1_APL_v1,success
ok,12319018061734507_micro_set2_PLT_DOC_v1,success
ok,123228105561702436_micro_set1_INS_2_v1,success
ok,123530703062259679_micro_set2_RSD_v1,success
xx,124888633279175195_micro_set0_MD_MIX_v1,batch_size>dataset_size
xx,12508751516385361_micro_set2_BTS_v1,OOM
ok,12563718874889264_micro_set2_PLT_DOC_v1,success
ok,126275714793657050_micro_set1_APL_v1,success
ok,126417535118535268_micro_set2_MD_6_v1,success
xx,1265254947522081_micro_set1_DOG_v1,cuDNN_error
ok,126537826322027043_micro_set0_BCT_v1,success
xx,1266003044142911_micro_set0_TEX_v1,batch_size>dataset_size
xx,127402063904104231_micro_set1_MED_LF_v1,cuDNN_error
ok,12787999212949700_micro_set1_MED_LF_v1,success
xx,12823084621490560_micro_set0_SPT_v1,batch_size>dataset_size
ok,128322036224632771_micro_set2_RSD_v1,success
xx,128437241453972321_micro_set1_DOG_v1,AMP
xx,12878756616328363_micro_set1_MD_5_BIS_v1,OOM
xx,128457425482383913_micro_set1_APL_v1,AMP
xx,129377621517588561_micro_set2_INS_v1,OOM
ok,13113197646534828_micro_set1_TEX_DTD_v1,success
xx,12977673069966627_micro_set0_SPT_v1,OOM
ok,132561785599098408_micro_set1_TEX_DTD_v1,success
ok,13305354709568678_micro_set0_BCT_v1,success
ok,133672334760010244_micro_set0_SPT_v1,success
ok,13376630569270223_micro_set1_DOG_v1,success
ok,13652500971053667_micro_set1_PLT_NET_v1,success
ok,138724672034348304_micro_set0_MD_MIX_v1,success
xx,13935445219442662_micro_set1_MED_LF_v1,batch_size>dataset_size
xx,14183451438433633_micro_set2_ACT_410_v1,diverged
ok,14187362628070257_micro_set2_AWA_v1,success
ok,14417063895003436_micro_set0_SPT_v1,success
ok,144736143392187834_micro_set1_PNU_v1,success
xx,14592940455995548_micro_set1_TEX_DTD_v1,batch_size>dataset_size
ok,146251042865301028_micro_set1_INS_2_v1,success
ok,14689431070522344_micro_set2_PRT_v1,success
xx,14724013728496479_micro_set2_PRT_v1,AMP
ok,14831127903620965_micro_set2_TEX_ALOT_v1,success
ok,14847387399025689_micro_set0_TEX_v1,success
ok,149015392828665879_micro_set2_PRT_v1,success
ok,14903266149504266_micro_set0_BCT_v1,success
ok,14919800567277964_micro_set0_PLK_v1,success
ok,15027740187227658_micro_set0_PLT_VIL_v1,success
xx,150816740067375982_micro_set2_ACT_410_v1,batch_size>dataset_size
ok,15115403953884415_micro_set0_CRS_v1,success
ok,15181179816806702_micro_set0_TEX_v1,success
xx,15115403953884415_micro_set0_CRS_v1,success
ok,152373394514365_micro_set0_TEX_v1,success
ok,15242358260369384_micro_set0_SPT_v1,success
xx,15264027385863713_micro_set1_INS_2_v1,batch_size>dataset_size
ok,15306059514570006_micro_set0_TEX_v1,success
xx,153760958067927346_micro_set1_RSICB_v1,batch_size>dataset_size
ok,15418660139883877_micro_set2_INS_v1,success
xx,15429036318974661_micro_set0_MD_MIX_v1,OOM
xx,15502031787700150_micro_set2_BTS_v1,batch_size>dataset_size
ok,15572489685102999_micro_set1_INS_2_v1,success
ok,15542244776597792_micro_set2_ACT_410_v1,success
ok,15596274416760514_micro_set0_CRS_v1,success
ok,156183187008790013_micro_set2_MD_6_v1,success
ok,15934291324065469_micro_set2_INS_v1,success
xx,15956165892799754_micro_set0_BRD_v1,OOM
xx,160027382847206800_micro_set2_MD_6_v1,OOM
xx,16005852960606739_micro_set0_BRD_v1,diverged
xx,16110063673450472_micro_set1_PNU_v1,OOM
xx,16154430833664179_micro_set2_PRT_v1,batch_size>dataset_size
ok,1626466199440272_micro_set0_TEX_v1,success
xx,162832986362650375_micro_set0_BRD_v1,AMP
ok,164849429335812120_micro_set2_RSD_v1,success
ok,164750108942092530_micro_set2_AWA_v1,success
xx,165360962357399465_micro_set2_RSD_v1,batch_size>dataset_size
ok,166479346190718525_micro_set0_PLT_VIL_v1,success
xx,16648765125464250_micro_set0_BCT_v1,OOM
xx,16724569759153049_micro_set0_FLW_v1,AMP
ok,16662339208596574_micro_set1_PNU_v1,success
ok,16726317458627200_micro_set1_INS_2_v1,success
ok,167444796419363607_micro_set1_DOG_v1,success
xx,16837845405181629_micro_set1_INS_2_v1,AMP
ok,168404102056508512_micro_set1_MED_LF_v1,success
ok,16872618043033292_micro_set2_RSD_v1,success
ok,16880871940287284_micro_set2_PLT_DOC_v1,success
xx,17307782522394550_micro_set1_RSICB_v1,batch_size>dataset_size
ok,174332253012443575_micro_set2_ACT_410_v1,success
xx,17471933381675861_micro_set0_CRS_v1,batch_size>dataset_size
xx,174657139646476191_micro_set1_MED_LF_v1,AMP
xx,175017046173207874_micro_set2_BTS_v1,batch_size>dataset_size
xx,17525258636853472_micro_set0_BRD_v1,batch_size>dataset_size
xx,17584572651865220_micro_set1_RSICB_v1,OOM
ok,17695002655537046_micro_set2_ACT_410_v1,success
xx,1775467835899088_micro_set2_INS_v1,OOM
ok,177607638209569217_micro_set2_INS_v1,success
ok,17808806541745713_micro_set2_BTS_v1,success
ok,17869967140534544_micro_set1_RSICB_v1,success
ok,17857160306007870_micro_set0_RESISC_v1,success
ok,181049026720307402_micro_set1_RSICB_v1,success
ok,18192862611332641_micro_set0_FLW_v1,success
xx,18159120935425310_micro_set0_CRS_v1,success
ok,18319098499799932_micro_set0_PLT_VIL_v1,success
xx,18378585746401696_micro_set2_TEX_ALOT_v1,batch_size>dataset_size
ok,18378815631773411_micro_set2_ACT_410_v1,success
ok,184269197218988898_micro_set2_ACT_410_v1,success
xx,18513791204195428_micro_set1_PLT_NET_v1,batch_size>dataset_size
ok,18664494902754467_micro_set0_BRD_v1,success
xx,186974206064837619_micro_set2_INS_v1,AMP
xx,185802204182859051_micro_set2_RSD_v1,AMP
xx,18726536150154574_micro_set0_FLW_v1,batch_size>dataset_size
ok,18744377994879537_micro_set0_SPT_v1,success
xx,18709617918834863_micro_set1_RSICB_v1,OOM
xx,188154504901200724_micro_set2_BTS_v1,OOM
ok,188514859335899620_micro_set0_RESISC_v1,success
xx,18915368584412563_micro_set1_ACT_40_v1,AMP
ok,18919707957580532_micro_set1_INS_2_v1,success
ok,18995363312173017_micro_set0_TEX_v1,success
ok,18995363312173017_micro_set0_TEX_v1,success
xx,190724977382220424_micro_set1_RSICB_v1,success
ok,192011058559600078_micro_set2_FNG_v1,success
ok,192260223167352774_micro_set2_MD_6_v1,success
xx,19300641488870637_micro_set0_CRS_v1,diverged
ok,19308582905850310_micro_set0_CRS_v1,success
ok,19360187080209792_micro_set1_DOG_v1,success
ok,19479164976227537_micro_set2_PRT_v1,success
ok,19508483859357548_micro_set0_SPT_v1,success
ok,19628916372295465_micro_set2_PLT_DOC_v1,success
ok,19633290347345823_micro_set0_PLK_v1,success
xx,19697799935750937_micro_set0_PLK_v1,AMP
ok,197396056095183270_micro_set1_PLT_NET_v1,success
ok,19734258129757852_micro_set0_BRD_v1,success
ok,19776545015704319_micro_set0_BRD_v1,success
xx,19934929679861753_micro_set1_MD_5_BIS_v1,batch_size>dataset_size
ok,19965442616008345_micro_set2_PRT_v1,success
xx,1996251624098431_micro_set2_PRT_v1,AMP
ok,20195454601969251_micro_set2_PLT_DOC_v1,success
ok,20380851123398851_micro_set0_PLK_v1,success
xx,20404545372502261_micro_set0_BRD_v1,AMP
xx,20530260665718504_micro_set0_TEX_v1,OOM
ok,205391217604367445_micro_set2_ACT_410_v1,success
xx,20649432784029343_micro_set0_TEX_v1,diverged
xx,20694965423520292_micro_set0_PLK_v1,batch_size>dataset_size
xx,20749026095225031_micro_set2_BTS_v1,AMP
ok,207892780451126469_micro_set0_PLT_VIL_v1,success
ok,20814058693946002_micro_set0_PLK_v1,success
xx,21000448431010277_micro_set1_DOG_v1,batch_size>dataset_size
ok,21188222783904542_micro_set0_RESISC_v1,success
ok,21210679480129190_micro_set0_RESISC_v1,success
xx,21212418873103945_micro_set1_DOG_v1,AMP
ok,21225266100743822_micro_set2_ACT_410_v1,success
ok,21255960493899074_micro_set2_ACT_410_v1,success
ok,21265870444946165_micro_set2_TEX_ALOT_v1,success
xx,21390189961928251_micro_set1_PNU_v1,NoCUDA
ok,2126590510499403_micro_set0_BRD_v1,success
ok,2149227385329133_micro_set0_FLW_v1,success
xx,21581021548095377_micro_set1_DOG_v1,NoCUDA
xx,217355415052412893_micro_set2_BTS_v1,NoCUDA
ok,21631248846002989_micro_set2_MD_6_v1,success
ok,21744713618303250_micro_set2_INS_v1,success
ok,218080620225136424_micro_set2_TEX_ALOT_v1,success
ok,21897009349963561_micro_set0_PLT_VIL_v1,success
ok,21926727543636975_micro_set2_AWA_v1,success
ok,2196929350348093_micro_set1_MD_5_BIS_v1,success
ok,21983246392091035_micro_set2_MD_6_v1,success
ok,22076698918687509_micro_set2_BTS_v1,success
ok,2209599747700868_micro_set0_PLK_v1,success
ok,220994189585176215_micro_set1_INS_2_v1,success
ok,2218336327808000_micro_set1_INS_2_v1,success
ok,22293639178954897_micro_set0_PLK_v1,success
ok,223029994131068752_micro_set1_INS_2_v1,success
ok,22305128437331045_micro_set2_FNG_v1,success
ok,22372547401009346_micro_set1_RSICB_v1,success
ok,2239607932048220_micro_set1_RSICB_v1,success
ok,22434516310285843_micro_set1_RSICB_v1,success
xx,22476794259189287_micro_set0_BRD_v1,OOM
xx,2276213133096178_micro_set0_BRD_v1,batch_size>dataset_size
xx,227661788845136501_micro_set2_RSD_v1,batch_size>dataset_size
ok,22764133460508596_micro_set1_MED_LF_v1,success
ok,227776555421163477_micro_set2_FNG_v1,success
ok,22810932840302659_micro_set1_INS_2_v1,success
xx,227215010950663391_micro_set0_FLW_v1,OOM
ok,229330763829075920_micro_set0_PLT_VIL_v1,success
xx,23019797184162769_micro_set1_PNU_v1,OOM
ok,23143236617213288_micro_set1_APL_v1,success
ok,2331099160200451_micro_set1_RSICB_v1,success
ok,234112116023496540_micro_set2_FNG_v1,success
ok,234488564581382366_micro_set1_MED_LF_v1,success
xx,236353825286873901_micro_set0_CRS_v1,AMP
xx,23858873886603383_micro_set2_ACT_410_v1,batch_size>dataset_size
ok,23964119343470453_micro_set2_FNG_v1,success
ok,23945582065971847_micro_set0_RESISC_v1,success
ok,240264045468189915_micro_set2_MD_6_v1,success
xx,23519594090990662_micro_set1_INS_2_v1,success
xx,24371072883152065_micro_set1_PLT_NET_v1,AMP
ok,24317185434482641_micro_set1_DOG_v1,success
xx,244044753204553397_micro_set2_ACT_410_v1,batch_size>dataset_size
ok,244283848289971831_micro_set1_ACT_40_v1,success
ok,24601568503875642_micro_set0_PLK_v1,success
ok,24977046746377920_micro_set1_RSICB_v1,success
xx,25021339797091969_micro_set1_PNU_v1,OOM
xx,250440310978979976_micro_set0_TEX_v1,OOM
xx,25146651527379736_micro_set1_APL_v1,batch_size>dataset_size
xx,2530507384342709_micro_set1_RSICB_v1,batch_size>dataset_size
xx,25431181906693697_micro_set0_CRS_v1,batch_size>dataset_size
ok,2547994939772137_micro_set1_APL_v1,success
xx,255275862981737855_micro_set1_MD_5_BIS_v1,diverged
ok,255751837889599008_micro_set0_RESISC_v1,success
xx,25600848175767384_micro_set2_RSD_v1,OOM
ok,256411730487086451_micro_set0_BCT_v1,success
ok,257350527201314620_micro_set1_INS_2_v1,success
xx,258136654531087124_micro_set0_FLW_v1,success
ok,25840978725710181_micro_set2_PLT_DOC_v1,success
ok,25844013145982880_micro_set0_TEX_v1,success
ok,25887852894580963_micro_set2_FNG_v1,success
ok,25944534896843828_micro_set1_RSICB_v1,success
ok,25959323476649340_micro_set1_MED_LF_v1,success
ok,2596125947676972_micro_set0_BCT_v1,success
xx,26071533950328526_micro_set2_FNG_v1,OOM
ok,2640692126730496_micro_set0_BRD_v1,success
ok,26545429374632319_micro_set0_RESISC_v1,success
ok,267852723874992014_micro_set1_ACT_40_v1,success
ok,26867959471240006_micro_set0_BRD_v1,success
ok,270070643027694192_micro_set2_PLT_DOC_v1,success
xx,2691641768641637_micro_set0_PLT_VIL_v1,OOM
ok,27128121773722983_micro_set1_DOG_v1,success
ok,27195437120445246_micro_set2_BTS_v1,success
ok,27245515114777582_micro_set1_MD_5_BIS_v1,success
ok,27362483218605805_micro_set2_TEX_ALOT_v1,success
xx,27386247962895902_micro_set1_TEX_DTD_v1,success
xx,274993839733304513_micro_set2_BTS_v1,cuDNN_error
ok,27609914670453696_micro_set2_RSD_v1,success
ok,276510605490542174_micro_set2_PLT_DOC_v1,success
ok,27666283593336698_micro_set1_TEX_DTD_v1,success
xx,27674296603808385_micro_set1_DOG_v1,AMP
ok,2791543962924994_micro_set1_APL_v1,success
ok,279881315131776318_micro_set1_MD_5_BIS_v1,success
xx,283881737186725977_micro_set1_RSICB_v1,AMP
ok,10064088771022210_micro_set1_INS_2_v1,success
xx,101008085095368131_micro_set0_PLK_v1,AMP
ok,10069408305057294_micro_set2_FNG_v1,success
ok,100792204074428891_micro_set1_INS_2_v1,success
xx,100867773310318395_micro_set2_PRT_v1,AMP
xx,28702093876693825_micro_set1_DOG_v1,AMP
xx,101042363122732959_micro_set1_ACT_40_v1,OOM
ok,28766055060806708_micro_set1_DOG_v1,success
ok,101233308578836232_micro_set0_PLK_v1,success
ok,10207461071584764_micro_set0_TEX_v1,success
xx,101887419539863251_micro_set0_SPT_v1,OOM
xx,28805993802827297_micro_set2_BTS_v1,batch_size>dataset_size
ok,28934423760389244_micro_set2_INS_v1,success
ok,28985281059947865_micro_set2_PRT_v1,success
xx,2912540150672861_micro_set0_SPT_v1,AMP
ok,29221533259129066_micro_set0_TEX_v1,success
xx,29225963878758061_micro_set0_PLK_v1,OOM
ok,29591534746898589_micro_set0_MD_MIX_v1,success
ok,29601195734144161_micro_set0_TEX_v1,success
ok,29630053658635368_micro_set2_MD_6_v1,success
ok,29778781473833061_micro_set2_INS_v1,success
ok,30031805545335490_micro_set1_TEX_DTD_v1,success
ok,30170319608294941_micro_set1_APL_v1,success
ok,30306242527099878_micro_set1_ACT_40_v1,success
ok,30531669707919614_micro_set1_MD_5_BIS_v1,success
xx,102385025054285818_micro_set1_MD_5_BIS_v1,NoCUDA
xx,10272260274629091_micro_set0_MD_MIX_v1,NoCUDA
xx,103116179614148495_micro_set0_PLK_v1,NoCUDA
xx,10333194628139728_micro_set1_DOG_v1,NoCUDA
xx,103738728459268691_micro_set2_MD_6_v1,NoCUDA
xx,10375821800520623_micro_set1_PNU_v1,NoCUDA
ok,103801909989522244_micro_set2_PLT_DOC_v1,success
xx,30602807310629375_micro_set1_PNU_v1,batch_size>dataset_size
xx,10382817040340026_micro_set0_BCT_v1,NoCUDA
ok,30657244744390621_micro_set2_AWA_v1,success
xx,103983981429094228_micro_set0_FLW_v1,NoCUDA
xx,104355164295383178_micro_set2_INS_v1,NoCUDA
xx,10442945392419088_micro_set2_INS_v1,NoCUDA
xx,10453299174091674_micro_set1_DOG_v1,NoCUDA
ok,30816616454001742_micro_set0_PLT_VIL_v1,success
xx,104578784538350203_micro_set1_TEX_DTD_v1,NoCUDA
xx,104733655692864156_micro_set1_INS_2_v1,NoCUDA
ok,104872940363547915_micro_set1_DOG_v1,success
xx,105216879523536586_micro_set0_BCT_v1,NoCUDA
ok,106160353232239188_micro_set0_FLW_v1,success
ok,10660352685477574_micro_set0_PLT_VIL_v1,success
ok,3106098290838484_micro_set0_BCT_v1,success
xx,31072821873307180_micro_set0_SPT_v1,batch_size>dataset_size
ok,3111739300402023_micro_set2_PRT_v1,success
ok,31186310609156015_micro_set2_PRT_v1,success
xx,31255639248419793_micro_set0_RESISC_v1,AMP
xx,10682720300351158_micro_set0_FLW_v1,batch_size>dataset_size
ok,10709522953844585_micro_set2_PLT_DOC_v1,success
ok,313341537424652156_micro_set1_INS_2_v1,success
xx,31311055570507978_micro_set1_ACT_40_v1,OOM
xx,3141598309860976_micro_set1_RSICB_v1,batch_size>dataset_size
ok,31486977796219508_micro_set1_RSICB_v1,success
ok,3152406689109886_micro_set0_BRD_v1,success
ok,31634567501282786_micro_set1_TEX_DTD_v1,success
xx,107447301546292657_micro_set0_FLW_v1,OOM
ok,10797665365270370_micro_set2_PRT_v1,success
ok,108233991511999785_micro_set0_PLK_v1,success
xx,31714653671345099_micro_set0_BRD_v1,AMP
ok,108783167871063662_micro_set0_BCT_v1,success
ok,317578086414636953_micro_set2_RSD_v1,success
xx,31772398005909178_micro_set2_PLT_DOC_v1,batch_size>dataset_size
ok,318268278125990140_micro_set2_PRT_v1,success
ok,31997652443282893_micro_set2_FNG_v1,success
xx,31998402788703_micro_set2_AWA_v1,AMP
xx,3221470473223409_micro_set1_PLT_NET_v1,batch_size>dataset_size
ok,108958629010356510_micro_set2_PRT_v1,success
xx,323089014621560519_micro_set2_TEX_ALOT_v1,diverged
xx,108961191800846007_micro_set2_FNG_v1,AMP
xx,109448860622147819_micro_set2_RSD_v1,batch_size>dataset_size
xx,10960253178382505_micro_set0_BCT_v1,AMP
xx,323719742426105951_micro_set0_PLK_v1,batch_size>dataset_size
xx,32507843483952538_micro_set1_PLT_NET_v1,batch_size>dataset_size
ok,110181972889870060_micro_set1_ACT_40_v1,success
ok,11041425383980231_micro_set1_MED_LF_v1,success
xx,110640707489925317_micro_set2_PRT_v1,AMP
ok,110993101986087815_micro_set2_BTS_v1,success
xx,111008273690591405_micro_set2_PRT_v1,batch_size>dataset_size
ok,111056488112162772_micro_set2_INS_v1,success
xx,32869771299699387_micro_set2_TEX_ALOT_v1,AMP
ok,32878106309006802_micro_set2_PRT_v1,success
ok,3281454981442040_micro_set1_ACT_40_v1,success
ok,33000458711487693_micro_set1_RSICB_v1,success
ok,33067923140440212_micro_set2_RSD_v1,success
ok,33127670089364604_micro_set2_FNG_v1,success
ok,332591498288785105_micro_set0_FLW_v1,success
ok,33260833310488408_micro_set0_FLW_v1,success
xx,330795445978963114_micro_set2_PRT_v1,OOM
ok,334426668978393504_micro_set0_PLT_VIL_v1,success
xx,33336325831711488_micro_set1_DOG_v1,success
xx,111688720132160969_micro_set1_APL_v1,batch_size>dataset_size
ok,111758544761131579_micro_set0_SPT_v1,success
xx,33696237681455308_micro_set2_MD_6_v1,batch_size>dataset_size
xx,3384992172407741_micro_set2_ACT_410_v1,batch_size>dataset_size
ok,34329319476220913_micro_set2_ACT_410_v1,success
xx,34056001759565512_micro_set0_PLK_v1,OOM
ok,34450236411676349_micro_set2_INS_v1,success
xx,345367985387925818_micro_set2_RSD_v1,OOM
ok,11232176506173553_micro_set0_PLT_VIL_v1,success
ok,1125550325891778_micro_set2_PRT_v1,success
ok,34822441434684820_micro_set1_RSICB_v1,success
xx,3481665266152499_micro_set1_INS_2_v1,AMP
xx,34840742457786659_micro_set0_PLK_v1,batch_size>dataset_size
ok,348968563338247694_micro_set1_PLT_NET_v1,success
ok,3498012943085777_micro_set1_MED_LF_v1,success
xx,11294369500828987_micro_set2_BTS_v1,AMP
xx,11329662492329588_micro_set1_PLT_NET_v1,AMP
xx,113929407652214051_micro_set0_CRS_v1,NoCUDA
xx,11407679792683570_micro_set2_RSD_v1,NoCUDA
xx,34981494091781560_micro_set1_APL_v1,batch_size>dataset_size
xx,114546017694267671_micro_set2_TEX_ALOT_v1,NoCUDA
xx,11476587544801791_micro_set2_PRT_v1,NoCUDA
xx,115102344148038249_micro_set2_INS_v1,NoCUDA
xx,115773527618818352_micro_set1_MD_5_BIS_v1,NoCUDA
xx,116274070191740364_micro_set2_MD_6_v1,NoCUDA
xx,116431692118239656_micro_set1_MED_LF_v1,NoCUDA
xx,116453613536578276_micro_set2_ACT_410_v1,NoCUDA
xx,11657417681790453_micro_set2_ACT_410_v1,NoCUDA
xx,116606916197637413_micro_set0_PLT_VIL_v1,NoCUDA
ok,117149812167292096_micro_set2_BTS_v1,success
ok,3506344555283198_micro_set2_ACT_410_v1,success
xx,117378106896719013_micro_set2_TEX_ALOT_v1,NoCUDA
ok,117169562334722844_micro_set1_DOG_v1,success
xx,117392600383046583_micro_set1_PLT_NET_v1,NoCUDA
xx,1180285331637454_micro_set2_MD_6_v1,batch_size>dataset_size
ok,117640019982003765_micro_set0_BCT_v1,success
ok,118365331027723443_micro_set1_PLT_NET_v1,success
xx,35557183312362359_micro_set2_FNG_v1,NoCUDA
ok,11841411722379396_micro_set2_MD_6_v1,success
ok,356569137431515757_micro_set0_SPT_v1,success
xx,357105393424694522_micro_set2_MD_6_v1,NoCUDA
ok,35763895248526339_micro_set2_PLT_DOC_v1,success
xx,35948481443584597_micro_set1_APL_v1,NoCUDA
ok,360039838852778807_micro_set1_RSICB_v1,success
ok,3637049094646590_micro_set1_DOG_v1,success
xx,3637529715119619_micro_set2_MD_6_v1,AMP
xx,360636705803146_micro_set1_MD_5_BIS_v1,OOM
xx,364846614852416713_micro_set0_RESISC_v1,OOM
xx,3682144931778142_micro_set1_MD_5_BIS_v1,batch_size>dataset_size
ok,36737788414269585_micro_set1_RSICB_v1,success
xx,36834059989734750_micro_set2_RSD_v1,OOM
xx,11860594279710226_micro_set1_RSICB_v1,batch_size>dataset_size
xx,118640280636692215_micro_set1_DOG_v1,diverged
ok,119311801752515423_micro_set0_BCT_v1,success
xx,119673713810985223_micro_set2_PRT_v1,diverged
ok,119760181457183460_micro_set2_PLT_DOC_v1,success
ok,11980271371651449_micro_set2_TEX_ALOT_v1,success
xx,36979536102240761_micro_set0_BCT_v1,batch_size>dataset_size
xx,37379293642433487_micro_set1_DOG_v1,OOM
ok,37382275699742908_micro_set0_SPT_v1,success
ok,374568150337374852_micro_set2_AWA_v1,success
ok,3755384103365887_micro_set1_DOG_v1,success
xx,120746312042618591_micro_set2_INS_v1,success
ok,37641632603982107_micro_set2_MD_6_v1,success
xx,12102367797678617_micro_set0_BRD_v1,NoCUDA
xx,122121065041439374_micro_set1_INS_2_v1,NoCUDA
xx,12252478220937134_micro_set1_DOG_v1,NoCUDA
xx,122692267736669143_micro_set1_APL_v1,NoCUDA
xx,12322007084825417_micro_set0_TEX_v1,NoCUDA
xx,3782692118851020_micro_set0_BRD_v1,NoCUDA
ok,12326434624802332_micro_set2_TEX_ALOT_v1,success
xx,3804745640867708_micro_set0_BCT_v1,NoCUDA
xx,383829545285278370_micro_set0_TEX_v1,NoCUDA
xx,383880875415339206_micro_set1_MED_LF_v1,NoCUDA
xx,38410748698188755_micro_set0_RESISC_v1,NoCUDA
ok,12373931473995469_micro_set0_BCT_v1,success
xx,387131248974881940_micro_set2_INS_v1,NoCUDA
ok,3878777614674570_micro_set2_INS_v1,success
xx,387815964561787792_micro_set1_TEX_DTD_v1,OOM
ok,124220866757033046_micro_set2_ACT_410_v1,success
ok,389170455920430616_micro_set0_CRS_v1,success
xx,3896971236432407_micro_set2_PRT_v1,OOM
xx,124829499714942406_micro_set0_SPT_v1,OOM
ok,39103727244465190_micro_set0_RESISC_v1,success
xx,125205492987410507_micro_set2_PRT_v1,batch_size>dataset_size
xx,3946441022577135_micro_set1_MED_LF_v1,AMP
ok,39476447042084124_micro_set1_TEX_DTD_v1,success
ok,12533284782363822_micro_set0_RESISC_v1,success
xx,3951462148182341_micro_set1_ACT_40_v1,batch_size>dataset_size
xx,39616693662684133_micro_set2_MD_6_v1,AMP
ok,39620474952268766_micro_set2_BTS_v1,success
ok,125535736886555568_micro_set0_SPT_v1,success
ok,39651976671511261_micro_set2_AWA_v1,success
xx,125372769439763854_micro_set1_DOG_v1,success
ok,125808062451221408_micro_set0_TEX_v1,success
ok,126104963058832920_micro_set0_BRD_v1,success
xx,39651976671511261_micro_set2_AWA_v1,success
ok,398002383898245256_micro_set1_INS_2_v1,success
xx,39807447652460215_micro_set2_RSD_v1,AMP
ok,127264709317303190_micro_set1_DOG_v1,success
ok,400082682267119981_micro_set0_BCT_v1,success
ok,4003637151027245_micro_set1_APL_v1,success
ok,40155631569233367_micro_set0_PLT_VIL_v1,success
ok,127291833712091390_micro_set2_INS_v1,success
xx,12821091830167463_micro_set2_FNG_v1,batch_size>dataset_size
ok,40187364687147016_micro_set0_BCT_v1,success
ok,40206495039778433_micro_set2_AWA_v1,success
ok,40285015450155716_micro_set1_PNU_v1,success
xx,402939107943603935_micro_set1_DOG_v1,OOM
xx,129392591145256888_micro_set2_PLT_DOC_v1,OOM
ok,40303469375019181_micro_set1_ACT_40_v1,success
xx,1300790572247429_micro_set1_PNU_v1,diverged
ok,13198020097000394_micro_set1_PNU_v1,success
xx,40732114390521029_micro_set2_INS_v1,batch_size>dataset_size
ok,407903935900330968_micro_set0_PLK_v1,success
ok,4106441988066633_micro_set0_TEX_v1,success
xx,132669371452124611_micro_set0_SPT_v1,OOM
xx,41392572136325495_micro_set2_RSD_v1,batch_size>dataset_size
xx,41800958222552457_micro_set2_PLT_DOC_v1,OOM
ok,42212453847527522_micro_set2_PRT_v1,success
ok,42609450373979202_micro_set1_RSICB_v1,success
ok,133625097407040903_micro_set1_PNU_v1,success
ok,426922379432084954_micro_set0_CRS_v1,success
ok,13485298528297155_micro_set2_AWA_v1,success
xx,42842289818651203_micro_set1_DOG_v1,OOM
ok,13512116578645807_micro_set2_AWA_v1,success
ok,428503092849587920_micro_set2_BTS_v1,success
xx,43049011745905270_micro_set1_PLT_NET_v1,batch_size>dataset_size
xx,13636981189427974_micro_set2_PRT_v1,batch_size>dataset_size
ok,13568493280987903_micro_set0_PLK_v1,success
ok,136549537947820260_micro_set0_PLT_VIL_v1,success
ok,13762153247486148_micro_set2_INS_v1,success
xx,43326467363259359_micro_set1_DOG_v1,batch_size>dataset_size
xx,43428725233102157_micro_set2_RSD_v1,AMP
ok,43435257705736689_micro_set1_TEX_DTD_v1,success
ok,434624781575112000_micro_set2_PLT_DOC_v1,success
ok,43463259799746463_micro_set1_MD_5_BIS_v1,success
xx,43513613716148987_micro_set0_FLW_v1,OOM
xx,4361715071013119_micro_set0_PLK_v1,AMP
ok,43895511552760849_micro_set0_FLW_v1,success
xx,43967561958509830_micro_set2_PLT_DOC_v1,batch_size>dataset_size
ok,44019660664849140_micro_set2_AWA_v1,success
xx,13766921217126438_micro_set1_MD_5_BIS_v1,OOM
ok,138325117602950006_micro_set2_ACT_410_v1,success
ok,44118914172852736_micro_set1_DOG_v1,success
ok,44266319998032342_micro_set0_PLT_VIL_v1,success
ok,44267460597669309_micro_set0_MD_MIX_v1,success
ok,44588462039161355_micro_set1_RSICB_v1,success
ok,44656700603331047_micro_set0_CRS_v1,success
xx,44526508080060498_micro_set1_DOG_v1,OOM
ok,44716154591016569_micro_set1_ACT_40_v1,success
ok,44728986906837922_micro_set2_ACT_410_v1,success
ok,44863214478081420_micro_set0_FLW_v1,success
ok,13969013031664057_micro_set2_AWA_v1,success
xx,45200461891078749_micro_set0_MD_MIX_v1,AMP
ok,14006137844090000_micro_set0_PLT_VIL_v1,success
xx,45124949882818176_micro_set1_ACT_40_v1,OOM
xx,45273796077614165_micro_set1_PNU_v1,batch_size>dataset_size
ok,4527538016790805_micro_set1_MD_5_BIS_v1,success
xx,45482810296059467_micro_set2_ACT_410_v1,batch_size>dataset_size
xx,454888730418385931_micro_set2_FNG_v1,batch_size>dataset_size
xx,457403130805431616_micro_set1_MED_LF_v1,batch_size>dataset_size
xx,458263789265775005_micro_set2_RSD_v1,batch_size>dataset_size
xx,14087885523118089_micro_set0_PLK_v1,OOM
xx,143016297698158721_micro_set2_PLT_DOC_v1,batch_size>dataset_size
xx,142659917047886125_micro_set1_DOG_v1,OOM
xx,14324145383505436_micro_set1_PNU_v1,batch_size>dataset_size
xx,14401188312651917_micro_set2_PLT_DOC_v1,batch_size>dataset_size
xx,144025307354662380_micro_set2_AWA_v1,OOM
xx,144337166743983097_micro_set2_MD_6_v1,OOM
xx,14572584999981027_micro_set2_AWA_v1,AMP
ok,14587359435923160_micro_set1_DOG_v1,success
ok,14591274194749143_micro_set1_TEX_DTD_v1,success
xx,461345260899705329_micro_set0_FLW_v1,AMP
xx,46390609012289218_micro_set0_BCT_v1,batch_size>dataset_size
ok,146184587977296080_micro_set0_FLW_v1,success
ok,146751916626750102_micro_set1_RSICB_v1,success
ok,146958997854300781_micro_set2_PLT_DOC_v1,success
xx,465059448509272912_micro_set0_PLK_v1,OOM
xx,4652875690309020_micro_set2_ACT_410_v1,OOM
ok,46817941223112069_micro_set0_SPT_v1,success
xx,46598340944547358_micro_set0_TEX_v1,batch_size>dataset_size
xx,46930423615268818_micro_set1_MD_5_BIS_v1,OOM
xx,148506284638238661_micro_set1_MED_LF_v1,OOM
ok,46953351391017082_micro_set0_MD_MIX_v1,success
xx,46937192314637256_micro_set2_BTS_v1,OOM
xx,14872130081773658_micro_set1_ACT_40_v1,OOM
xx,149015250466007902_micro_set2_FNG_v1,batch_size>dataset_size
xx,473471986623837532_micro_set1_RSICB_v1,batch_size>dataset_size
xx,15022057711634907_micro_set1_APL_v1,OOM
ok,15024487415810636_micro_set0_BRD_v1,success
ok,47878812568665641_micro_set2_FNG_v1,success
ok,15037967954732780_micro_set2_MD_6_v1,success
xx,48086111227473958_micro_set0_FLW_v1,NoCUDA
xx,481596372028959_micro_set1_TEX_DTD_v1,NoCUDA
xx,48181383198540071_micro_set2_BTS_v1,batch_size>dataset_size
xx,4836798880621179_micro_set0_BRD_v1,NoCUDA
xx,48416894217557050_micro_set0_MD_MIX_v1,NoCUDA
xx,485390218711474_micro_set2_PRT_v1,NoCUDA
xx,48545909313446102_micro_set2_FNG_v1,NoCUDA
xx,4891283138974599_micro_set1_DOG_v1,NoCUDA
xx,49033059126631327_micro_set2_INS_v1,NoCUDA
xx,49224131265682802_micro_set2_TEX_ALOT_v1,NoCUDA
xx,49079058281320339_micro_set1_TEX_DTD_v1,AMP
xx,4937481404490338_micro_set0_PLK_v1,NoCUDA
ok,15073190617507623_micro_set1_RSICB_v1,success
xx,49723044348496322_micro_set0_RESISC_v1,NoCUDA
ok,499841375201395567_micro_set1_INS_2_v1,success
xx,50043804799880706_micro_set2_INS_v1,NoCUDA
ok,499942643711738_micro_set1_INS_2_v1,success
ok,50353737515930205_micro_set1_DOG_v1,success
xx,504808132036521443_micro_set0_PLK_v1,diverged
ok,50678320471994288_micro_set2_INS_v1,success
ok,15130788574560220_micro_set0_BRD_v1,success
xx,510088339598074451_micro_set1_TEX_DTD_v1,batch_size>dataset_size
xx,1522148304316177_micro_set1_MD_5_BIS_v1,AMP
ok,15232219031346549_micro_set0_RESISC_v1,success
ok,511204419345648718_micro_set2_AWA_v1,success
xx,51129527952351882_micro_set2_AWA_v1,NoCUDA
xx,51209678009583692_micro_set1_APL_v1,NoCUDA
xx,51244030663626804_micro_set1_TEX_DTD_v1,NoCUDA
xx,51246004972906386_micro_set2_FNG_v1,NoCUDA
xx,51465071438132948_micro_set2_TEX_ALOT_v1,NoCUDA
xx,51482078820506384_micro_set1_MD_5_BIS_v1,NoCUDA
xx,51519892348496853_micro_set1_TEX_DTD_v1,NoCUDA
xx,52043270197277536_micro_set1_RSICB_v1,batch_size>dataset_size
xx,5207079222005583_micro_set2_TEX_ALOT_v1,OOM
xx,1526288263601871_micro_set0_RESISC_v1,OOM
xx,152778099584162320_micro_set0_PLT_VIL_v1,batch_size>dataset_size
ok,15330518322540629_micro_set2_AWA_v1,success
ok,153653329682025789_micro_set1_TEX_DTD_v1,success
xx,153216176229951981_micro_set1_TEX_DTD_v1,AMP
ok,15365414734365212_micro_set0_SPT_v1,success
xx,52669474722392111_micro_set0_MD_MIX_v1,batch_size>dataset_size
ok,15374168120331284_micro_set1_PLT_NET_v1,success
ok,154575265706063015_micro_set0_FLW_v1,success
ok,52908153489505273_micro_set2_PLT_DOC_v1,success
xx,53129978850354743_micro_set0_SPT_v1,AMP
xx,1555989455822078_micro_set2_MD_6_v1,AMP
xx,15565439464701203_micro_set0_PLT_VIL_v1,diverged
ok,15658064073053213_micro_set2_PLT_DOC_v1,success
xx,53713322788764093_micro_set2_ACT_410_v1,success
ok,15711643182510095_micro_set0_CRS_v1,success
ok,156981736841029795_micro_set1_APL_v1,success
xx,54105416781611157_micro_set2_RSD_v1,diverged
ok,54288363198147348_micro_set1_PLT_NET_v1,success
ok,15882846473418428_micro_set1_TEX_DTD_v1,success
xx,54869539106063699_micro_set0_CRS_v1,batch_size>dataset_size
ok,54993198845145322_micro_set0_RESISC_v1,success
ok,55484648352919640_micro_set0_BRD_v1,success
xx,55494668763533404_micro_set2_PRT_v1,OOM
ok,55516676845644924_micro_set1_PLT_NET_v1,success
ok,5601793963064727_micro_set2_RSD_v1,success
ok,56054244770464896_micro_set1_TEX_DTD_v1,success
xx,56336245076764870_micro_set1_ACT_40_v1,batch_size>dataset_size
xx,56418804800348543_micro_set0_BCT_v1,OOM
xx,565798403660438500_micro_set0_SPT_v1,batch_size>dataset_size
ok,56925506786091598_micro_set1_ACT_40_v1,success
xx,56908040559601999_micro_set2_PRT_v1,AMP
xx,5647232473810807_micro_set2_TEX_ALOT_v1,OOM
ok,5726269451781155_micro_set1_RSICB_v1,success
ok,57049323934956127_micro_set0_MD_MIX_v1,success
ok,5776858575523496_micro_set0_RESISC_v1,success
ok,16073182312682522_micro_set2_AWA_v1,success
ok,57801146441732660_micro_set1_PNU_v1,success
ok,591823214053525_micro_set1_MED_LF_v1,success
ok,59387276710586225_micro_set2_MD_6_v1,success
ok,161822874785488004_micro_set2_ACT_410_v1,success
xx,5965555644025866_micro_set0_PLT_VIL_v1,OOM
xx,59912312065231941_micro_set0_BCT_v1,cuDNN_error
xx,60392720540947099_micro_set2_PLT_DOC_v1,OOM
xx,60600634716802343_micro_set2_ACT_410_v1,diverged
xx,1620541585965867_micro_set2_TEX_ALOT_v1,OOM
ok,162405461334688173_micro_set0_FLW_v1,success
xx,16287168495135095_micro_set1_RSICB_v1,NoCUDA
xx,6104749866563640_micro_set0_TEX_v1,OOM
xx,16346422970596497_micro_set0_PLT_VIL_v1,NoCUDA
xx,163485109990477109_micro_set0_FLW_v1,NoCUDA
xx,16359671587781249_micro_set1_DOG_v1,NoCUDA
xx,164100649851507367_micro_set2_FNG_v1,NoCUDA
xx,16465703131273862_micro_set0_BRD_v1,NoCUDA
xx,165414959220102346_micro_set0_PLT_VIL_v1,NoCUDA
xx,61269850230278775_micro_set1_MD_5_BIS_v1,OOM
xx,16673137747469824_micro_set1_ACT_40_v1,NoCUDA
xx,1674572127743907_micro_set2_ACT_410_v1,NoCUDA
xx,167475559395328078_micro_set0_SPT_v1,NoCUDA
xx,167936104475482215_micro_set0_BCT_v1,NoCUDA
xx,16935785605630215_micro_set2_MD_6_v1,NoCUDA
xx,169721133128970789_micro_set2_BTS_v1,AMP
xx,61751384310737485_micro_set0_FLW_v1,diverged
ok,169840833829111664_micro_set1_MED_LF_v1,success
xx,6183361322443777_micro_set2_INS_v1,AMP
ok,6167497156039129_micro_set0_PLT_VIL_v1,success
ok,6184347306303386_micro_set0_RESISC_v1,success
xx,6187175566898239_micro_set0_PLT_VIL_v1,AMP
ok,6208160809085086_micro_set1_PNU_v1,success
ok,17004864242822252_micro_set0_CRS_v1,success
ok,17018415581468115_micro_set1_PLT_NET_v1,success
ok,63054567602535496_micro_set0_FLW_v1,success
ok,63132356524580067_micro_set0_MD_MIX_v1,success
ok,17026385896475648_micro_set1_PNU_v1,success
ok,63418917565243533_micro_set1_PNU_v1,success
ok,63605619931918188_micro_set1_DOG_v1,success
ok,17134269433925948_micro_set0_BCT_v1,success
xx,171400034434976531_micro_set0_SPT_v1,batch_size>dataset_size
xx,17293525237978216_micro_set1_TEX_DTD_v1,batch_size>dataset_size
xx,63636196443302072_micro_set2_INS_v1,OOM
xx,63686778558672203_micro_set1_TEX_DTD_v1,batch_size>dataset_size
xx,6382851920115457_micro_set2_INS_v1,diverged
ok,174224853897440441_micro_set0_FLW_v1,success
ok,17488837396044905_micro_set0_PLT_VIL_v1,success
ok,64001858668438532_micro_set1_DOG_v1,success
ok,64345384788117232_micro_set2_INS_v1,success
ok,64377675300981067_micro_set2_RSD_v1,success
xx,17604367482092739_micro_set0_MD_MIX_v1,AMP
xx,651124007232102_micro_set1_MED_LF_v1,OOM
ok,17655303820234874_micro_set0_BCT_v1,success
xx,65171483958021495_micro_set2_ACT_410_v1,OOM
ok,17679292966733702_micro_set2_INS_v1,success
ok,65431786362131757_micro_set0_MD_MIX_v1,success
ok,65571820887147932_micro_set1_TEX_DTD_v1,success
ok,65848132533692438_micro_set0_MD_MIX_v1,success
ok,66003960261017602_micro_set2_PRT_v1,success
xx,66507604489785950_micro_set1_ACT_40_v1,OOM
ok,66742162259572113_micro_set1_ACT_40_v1,success
xx,66901558573161260_micro_set1_ACT_40_v1,success
xx,6692981816457232_micro_set2_FNG_v1,batch_size>dataset_size
xx,67020209232503429_micro_set2_AWA_v1,NoCUDA
xx,67085455149517357_micro_set2_MD_6_v1,NoCUDA
ok,67274458145732956_micro_set0_BRD_v1,success
xx,67462557824586131_micro_set1_INS_2_v1,batch_size>dataset_size
ok,17952372827511079_micro_set2_RSD_v1,success
ok,17908067781856165_micro_set0_FLW_v1,success
ok,67810545367997062_micro_set1_RSICB_v1,success
ok,17964168105751941_micro_set0_FLW_v1,success
ok,6797364002071998_micro_set0_CRS_v1,success
xx,67974078103219242_micro_set2_MD_6_v1,OOM
ok,68178771710932667_micro_set0_BRD_v1,success
ok,17974985203692992_micro_set1_PLT_NET_v1,success
ok,18082322084891184_micro_set0_SPT_v1,success
ok,68445532381309624_micro_set2_RSD_v1,success
xx,6816681936946906_micro_set2_BTS_v1,OOM
ok,68594301756177563_micro_set1_ACT_40_v1,success
ok,69564516587391358_micro_set2_PLT_DOC_v1,success
ok,69697520719261068_micro_set1_DOG_v1,success
ok,18100910861129303_micro_set0_PLT_VIL_v1,success
ok,69707860067379050_micro_set1_MED_LF_v1,success
xx,18164169623872655_micro_set0_CRS_v1,batch_size>dataset_size
ok,70067788537386334_micro_set1_INS_2_v1,success
ok,181892752342914_micro_set1_ACT_40_v1,success
xx,70118482746454803_micro_set1_TEX_DTD_v1,OOM
ok,7013316163404647_micro_set0_RESISC_v1,success
ok,70175734501859226_micro_set1_ACT_40_v1,success
xx,7046327211467819_micro_set0_CRS_v1,OOM
ok,71263822527335042_micro_set2_PLT_DOC_v1,success
ok,71269975731650118_micro_set2_MD_6_v1,success
xx,18279539982524224_micro_set1_PNU_v1,OOM
xx,71559019924021681_micro_set0_SPT_v1,OOM
ok,71733880746052690_micro_set2_MD_6_v1,success
ok,72319418256829200_micro_set2_RSD_v1,success
ok,72407676120259383_micro_set0_RESISC_v1,success
xx,72750593338162729_micro_set0_TEX_v1,diverged
ok,7285258310473481_micro_set1_DOG_v1,success
xx,7274703584758240_micro_set0_MD_MIX_v1,OOM
xx,18305635893488629_micro_set0_PLT_VIL_v1,AMP
xx,7339402100157802_micro_set2_TEX_ALOT_v1,batch_size>dataset_size
xx,7361497144493679_micro_set2_PRT_v1,AMP
ok,73924951127921510_micro_set2_FNG_v1,success
xx,74832501957455156_micro_set2_PLT_DOC_v1,OOM
xx,75174358286613083_micro_set2_MD_6_v1,AMP
ok,7531236771847701_micro_set1_INS_2_v1,success
xx,75579475472762015_micro_set2_MD_6_v1,OOM
xx,75736305748072568_micro_set0_CRS_v1,OOM
xx,183361530932203621_micro_set0_FLW_v1,AMP
xx,7576424172777248_micro_set0_PLT_VIL_v1,OOM
ok,18429636425325895_micro_set0_MD_MIX_v1,success
xx,76425927446380185_micro_set0_BCT_v1,AMP
xx,7650948345620875_micro_set0_RESISC_v1,diverged
ok,76874232822979863_micro_set1_INS_2_v1,success
xx,1851518528716533_micro_set1_INS_2_v1,OOM
ok,7687973054589806_micro_set1_APL_v1,success
xx,187028137454712838_micro_set1_DOG_v1,batch_size>dataset_size
ok,76952514658387362_micro_set2_MD_6_v1,success
ok,18749747701313984_micro_set2_PRT_v1,success
ok,18758935312655262_micro_set2_RSD_v1,success
ok,187810202326253143_micro_set0_BCT_v1,success
ok,77378083976157090_micro_set0_MD_MIX_v1,success
xx,18869907690873413_micro_set2_AWA_v1,batch_size>dataset_size
ok,7743070307953073_micro_set1_MED_LF_v1,success
ok,18988260372544586_micro_set2_AWA_v1,success
ok,18996726256165320_micro_set0_FLW_v1,success
xx,77562526150240907_micro_set0_BRD_v1,diverged
ok,7797814596215228_micro_set0_PLT_VIL_v1,success
xx,19099759536415827_micro_set2_ACT_410_v1,OOM
ok,78306508701572725_micro_set2_PRT_v1,success
ok,7842812135112278_micro_set1_PNU_v1,success
xx,7832709486594536_micro_set0_PLK_v1,OOM
ok,194593626491108369_micro_set1_PNU_v1,success
ok,78989720682840909_micro_set1_RSICB_v1,success
ok,19527515991434708_micro_set1_DOG_v1,success
xx,79697149755529132_micro_set1_TEX_DTD_v1,OOM
ok,79756321510232575_micro_set1_DOG_v1,success
ok,19628195722364490_micro_set1_PLT_NET_v1,success
ok,80055144588018465_micro_set2_PLT_DOC_v1,success
xx,196876758205211889_micro_set1_RSICB_v1,AMP
ok,801681475276449_micro_set1_INS_2_v1,success
ok,80349147021528360_micro_set1_MD_5_BIS_v1,success
xx,19750894204914844_micro_set0_TEX_v1,batch_size>dataset_size
ok,80936769164213894_micro_set1_DOG_v1,success
ok,19819153671562584_micro_set0_FLW_v1,success
ok,81308211782247848_micro_set0_BCT_v1,success
ok,81694669217501692_micro_set0_FLW_v1,success
ok,82045727359851200_micro_set1_MD_5_BIS_v1,success
xx,82686321710949009_micro_set2_PRT_v1,AMP
xx,82693961425860100_micro_set2_ACT_410_v1,batch_size>dataset_size
ok,826657819306548_micro_set2_TEX_ALOT_v1,success
ok,82699473024673146_micro_set2_TEX_ALOT_v1,success
ok,82758720254363339_micro_set2_PLT_DOC_v1,success
ok,19900769235193071_micro_set2_BTS_v1,success
xx,83597256457310605_micro_set0_TEX_v1,AMP
ok,83801867842034725_micro_set1_APL_v1,success
ok,83856679556373135_micro_set0_BRD_v1,success
ok,83922706054262724_micro_set0_SPT_v1,success
xx,85418434170192562_micro_set2_RSD_v1,batch_size>dataset_size
ok,86136794344840992_micro_set2_MD_6_v1,success
ok,20052141177444988_micro_set0_CRS_v1,success
xx,20088923751938465_micro_set2_RSD_v1,batch_size>dataset_size
ok,201215819142272238_micro_set0_FLW_v1,success
xx,87222194287032563_micro_set1_RSICB_v1,batch_size>dataset_size
ok,87569341662566901_micro_set2_PRT_v1,success
xx,201466137558480740_micro_set1_PNU_v1,OOM
xx,87781769720126395_micro_set2_AWA_v1,OOM
xx,88266726057805474_micro_set1_INS_2_v1,OOM
ok,8828614019474235_micro_set0_CRS_v1,success
xx,88598093782118236_micro_set1_INS_2_v1,batch_size>dataset_size
ok,88973669170742941_micro_set1_ACT_40_v1,success
ok,20253145072133810_micro_set1_ACT_40_v1,success
ok,89232770141202013_micro_set0_PLK_v1,success
xx,20513835864829555_micro_set0_RESISC_v1,diverged
ok,8939135211798947_micro_set1_MED_LF_v1,success
xx,893272371002478_micro_set1_MED_LF_v1,OOM
ok,20551366553100727_micro_set2_AWA_v1,success
ok,90119012542975967_micro_set2_PLT_DOC_v1,success
ok,90145208766029670_micro_set1_APL_v1,success
xx,20574277036335605_micro_set1_TEX_DTD_v1,AMP
ok,20747088102498220_micro_set2_PLT_DOC_v1,success
ok,20799735820180695_micro_set1_MD_5_BIS_v1,success
xx,208462678224426502_micro_set2_MD_6_v1,batch_size>dataset_size
xx,9048834147376195_micro_set1_RSICB_v1,AMP
ok,20927621322021223_micro_set0_TEX_v1,success
xx,90694157392734735_micro_set0_CRS_v1,diverged
ok,209637003179797156_micro_set2_AWA_v1,success
ok,91677386830437246_micro_set2_BTS_v1,success
ok,21197202270817309_micro_set2_PLT_DOC_v1,success
ok,91724526415408172_micro_set2_INS_v1,success
ok,21287090131002175_micro_set2_ACT_410_v1,success
ok,92234848079849731_micro_set0_PLT_VIL_v1,success
xx,9266108540663070_micro_set2_MD_6_v1,OOM
ok,92902571638397447_micro_set0_PLT_VIL_v1,success
ok,92890436137602317_micro_set0_FLW_v1,success
xx,9326612356237751_micro_set2_PRT_v1,AMP
ok,93882910398041_micro_set2_INS_v1,success
ok,941487702782124_micro_set1_TEX_DTD_v1,success
ok,94478252301500115_micro_set2_BTS_v1,success
ok,9439946808087738_micro_set2_MD_6_v1,success
ok,94897232811258114_micro_set1_DOG_v1,success
ok,94915536677622832_micro_set2_BTS_v1,success
ok,21490171352802622_micro_set0_BRD_v1,success
xx,94950673841040172_micro_set2_TEX_ALOT_v1,batch_size>dataset_size
ok,95074160966369683_micro_set0_PLK_v1,success
ok,9499623200482725_micro_set2_FNG_v1,success
xx,95112520406138251_micro_set2_BTS_v1,NoCUDA
xx,95266360763181961_micro_set0_SPT_v1,NoCUDA
xx,9572650725117124_micro_set2_MD_6_v1,NoCUDA
ok,95335043525029760_micro_set0_BCT_v1,success
ok,9550200732394731_micro_set1_DOG_v1,success
ok,21528431771473722_micro_set2_ACT_410_v1,success
xx,9607994201963102_micro_set1_ACT_40_v1,NoCUDA
ok,96465057899610574_micro_set2_RSD_v1,success
xx,96833742206036056_micro_set2_PLT_DOC_v1,NoCUDA
xx,9712655180058947_micro_set2_RSD_v1,NoCUDA
xx,97661180749605290_micro_set1_RSICB_v1,NoCUDA
xx,97859957963892341_micro_set2_PLT_DOC_v1,NoCUDA
xx,97956316450762503_micro_set2_INS_v1,NoCUDA
xx,9801011520785727_micro_set1_INS_2_v1,NoCUDA
xx,98039739268897862_micro_set1_MED_LF_v1,NoCUDA
xx,98492251012463810_micro_set1_ACT_40_v1,NoCUDA
ok,9868677217542475_micro_set2_PRT_v1,success
xx,9878436415681556_micro_set1_PNU_v1,NoCUDA
xx,9907740453459167_micro_set0_MD_MIX_v1,NoCUDA
xx,9911203240757174_micro_set0_CRS_v1,NoCUDA
xx,9992792388352635_micro_set2_RSD_v1,NoCUDA
ok,218270252179152367_micro_set0_RESISC_v1,success
xx,22189708803808745_micro_set1_RSICB_v1,batch_size>dataset_size
ok,22190395238418397_micro_set1_RSICB_v1,success
ok,226110992291539795_micro_set1_TEX_DTD_v1,success
ok,226190309696200087_micro_set2_INS_v1,success
xx,2271122706374627_micro_set2_MD_6_v1,AMP
xx,22940704805710192_micro_set2_TEX_ALOT_v1,batch_size>dataset_size
ok,23225303567342383_micro_set1_RSICB_v1,success
xx,233452348373255342_micro_set1_MD_5_BIS_v1,OOM
ok,234481725779901094_micro_set2_ACT_410_v1,success
ok,2352187666232583_micro_set2_FNG_v1,success
ok,235731558481658354_micro_set0_CRS_v1,success
xx,236753960374720201_micro_set0_TEX_v1,AMP
xx,23765159233596319_micro_set1_PLT_NET_v1,AMP
xx,23920786504859974_micro_set1_PLT_NET_v1,batch_size>dataset_size
ok,24049897758452482_micro_set1_MD_5_BIS_v1,success
xx,24052623663086517_micro_set1_APL_v1,OOM
ok,241218462195997494_micro_set0_FLW_v1,success
xx,24131476809234377_micro_set2_AWA_v1,batch_size>dataset_size
ok,241508387602149762_micro_set0_BRD_v1,success
xx,24166878364672642_micro_set1_APL_v1,OOM
xx,24525891153670300_micro_set0_SPT_v1,batch_size>dataset_size
ok,245724238040230004_micro_set2_BTS_v1,success
ok,245729981959117135_micro_set1_APL_v1,success
ok,2465584914008059_micro_set0_TEX_v1,success
ok,247303798879430989_micro_set1_ACT_40_v1,success
xx,2474987769698600_micro_set1_DOG_v1,success
xx,24862853450906301_micro_set1_TEX_DTD_v1,diverged
ok,24938946975907719_micro_set0_MD_MIX_v1,success
xx,25098051742214921_micro_set1_PLT_NET_v1,OOM
ok,25275129116641149_micro_set0_PLK_v1,success
xx,25291366363947188_micro_set1_INS_2_v1,NoCUDA
xx,253640246244539918_micro_set2_MD_6_v1,NoCUDA
xx,2545511239775_micro_set0_CRS_v1,NoCUDA
xx,2546149734409605_micro_set0_MD_MIX_v1,NoCUDA
xx,25658420349724911_micro_set0_BRD_v1,NoCUDA
xx,25719911083101918_micro_set1_PNU_v1,NoCUDA
ok,25727888467549578_micro_set1_INS_2_v1,success
ok,25742687394051028_micro_set2_PRT_v1,success
ok,258112341456856528_micro_set0_FLW_v1,success
ok,25860307960271977_micro_set2_RSD_v1,success
ok,25865946411110381_micro_set1_ACT_40_v1,success
ok,258843302320214108_micro_set2_RSD_v1,success
ok,25930738533779737_micro_set1_INS_2_v1,success
xx,25931108296645163_micro_set0_BRD_v1,OOM
xx,25974389517287074_micro_set2_PRT_v1,batch_size>dataset_size
ok,259813727532660656_micro_set0_PLK_v1,success
ok,26093593674581746_micro_set2_FNG_v1,success
ok,2611018974135783_micro_set1_MED_LF_v1,success
xx,262427653339369361_micro_set2_PLT_DOC_v1,batch_size>dataset_size
xx,26410065671968257_micro_set1_RSICB_v1,OOM
ok,264938414517634694_micro_set2_TEX_ALOT_v1,success
ok,26602294716387858_micro_set0_FLW_v1,success
xx,26467378855483460_micro_set0_PLT_VIL_v1,OOM
xx,26676977565047993_micro_set2_PLT_DOC_v1,batch_size>dataset_size
xx,26645143320394496_micro_set0_MD_MIX_v1,OOM
ok,267803934228292145_micro_set2_INS_v1,success
ok,26836462310749491_micro_set1_MD_5_BIS_v1,success
xx,26960377393665781_micro_set1_MED_LF_v1,diverged
xx,2711111118642576_micro_set2_RSD_v1,OOM
xx,27176341777414721_micro_set1_TEX_DTD_v1,batch_size>dataset_size
ok,272003892474220196_micro_set0_RESISC_v1,success
xx,27237805394454361_micro_set1_DOG_v1,diverged
xx,27310389336205270_micro_set2_PRT_v1,batch_size>dataset_size
ok,27315753092099716_micro_set0_TEX_v1,success
ok,27356937323525534_micro_set0_PLK_v1,success
ok,27401241711121593_micro_set0_RESISC_v1,success
xx,27531334977064774_micro_set2_RSD_v1,batch_size>dataset_size
xx,27545361162439786_micro_set1_APL_v1,batch_size>dataset_size
ok,27551359899852601_micro_set1_TEX_DTD_v1,success
ok,27731301671103652_micro_set1_MD_5_BIS_v1,success
xx,27855488247655570_micro_set2_PLT_DOC_v1,batch_size>dataset_size
ok,27875280182781971_micro_set1_APL_v1,success
ok,28007791225565950_micro_set0_TEX_v1,success
xx,282446002352532076_micro_set0_PLK_v1,batch_size>dataset_size
ok,28659296121668434_micro_set1_ACT_40_v1,success
xx,286106848527623037_micro_set0_BRD_v1,OOM
ok,2872096177149780_micro_set1_APL_v1,success
ok,28798921075665767_micro_set1_PNU_v1,success
xx,28848388246046251_micro_set1_ACT_40_v1,AMP
xx,28850891535259772_micro_set1_MED_LF_v1,OOM
ok,28898603762503221_micro_set0_FLW_v1,success
xx,28906127454139774_micro_set0_CRS_v1,batch_size>dataset_size
ok,29090959227789333_micro_set1_PNU_v1,success
ok,29112465554421466_micro_set1_TEX_DTD_v1,success
ok,29161641730762677_micro_set1_TEX_DTD_v1,success
ok,29275932154287726_micro_set2_BTS_v1,success
ok,29429158676095182_micro_set2_RSD_v1,success
ok,29453059386569061_micro_set1_DOG_v1,success
ok,297088987315243275_micro_set0_MD_MIX_v1,success
ok,298093362151006768_micro_set2_RSD_v1,success
ok,2982940424633500_micro_set0_PLT_VIL_v1,success
ok,2992423546166388_micro_set0_FLW_v1,success
xx,30128515720492643_micro_set0_TEX_v1,batch_size>dataset_size
xx,3028521111790643_micro_set0_BCT_v1,batch_size>dataset_size
ok,30511888812450569_micro_set1_RSICB_v1,success
xx,30545810549235742_micro_set1_ACT_40_v1,OOM
ok,30826947826434029_micro_set2_MD_6_v1,success
ok,3085414136665512_micro_set1_RSICB_v1,success
ok,3102410977642811_micro_set0_CRS_v1,success
xx,31266146115653067_micro_set0_BRD_v1,OOM
xx,31269739855436271_micro_set1_TEX_DTD_v1,AMP
ok,31276319918057611_micro_set1_INS_2_v1,success
xx,31374574001137611_micro_set0_PLT_VIL_v1,AMP
ok,31494364979581724_micro_set0_CRS_v1,success
xx,31538689920668005_micro_set0_MD_MIX_v1,AMP
ok,31566596089102856_micro_set0_MD_MIX_v1,success
xx,31587431517943721_micro_set0_RESISC_v1,batch_size>dataset_size
ok,31606671110183437_micro_set0_SPT_v1,success
xx,319167584556181505_micro_set2_BTS_v1,batch_size>dataset_size
ok,32046939977755054_micro_set0_PLK_v1,success
ok,3225788550585573_micro_set0_PLT_VIL_v1,success
ok,32694437302629505_micro_set0_BRD_v1,success
xx,3281651381461051_micro_set0_BRD_v1,OOM
ok,3288799927830774_micro_set1_MED_LF_v1,success
ok,33065502740252645_micro_set0_PLK_v1,success
ok,3312614375904106_micro_set0_MD_MIX_v1,success
xx,33190474624506455_micro_set1_PNU_v1,OOM
ok,333045979075319604_micro_set1_PLT_NET_v1,success
ok,33677738761381983_micro_set1_PLT_NET_v1,success
xx,3396885339914065_micro_set1_ACT_40_v1,diverged
ok,339762287242777944_micro_set1_INS_2_v1,success
ok,3425544400626997_micro_set1_MD_5_BIS_v1,success
ok,347137956735273904_micro_set1_MED_LF_v1,success
xx,346453706022260151_micro_set0_BRD_v1,AMP
xx,347407404590693532_micro_set2_MD_6_v1,OOM
xx,34985765426512661_micro_set1_MED_LF_v1,batch_size>dataset_size
ok,34998202920302180_micro_set2_ACT_410_v1,success
xx,351524035533293781_micro_set0_PLT_VIL_v1,AMP
ok,351654188430116533_micro_set2_TEX_ALOT_v1,success
ok,351858741224854397_micro_set0_PLT_VIL_v1,success
xx,35248225037083972_micro_set2_BTS_v1,batch_size>dataset_size
ok,35582948130941608_micro_set2_ACT_410_v1,success
ok,35657517889327865_micro_set1_INS_2_v1,success
xx,35789293369800017_micro_set2_MD_6_v1,batch_size>dataset_size
ok,358145780057518164_micro_set0_TEX_v1,success
ok,358270969683719958_micro_set2_BTS_v1,success
xx,3589777802197516_micro_set1_PLT_NET_v1,OOM
ok,3591019162046874_micro_set2_BTS_v1,success
xx,35934158188998958_micro_set2_RSD_v1,OOM
xx,35972065841039861_micro_set1_INS_2_v1,OOM
ok,36303694667356140_micro_set0_MD_MIX_v1,success
ok,36452554609260226_micro_set1_MED_LF_v1,success
ok,36789272814043306_micro_set0_PLT_VIL_v1,success
xx,368627102649374917_micro_set1_PNU_v1,AMP
ok,36874749311873648_micro_set0_PLK_v1,success
xx,3690514498446233_micro_set0_PLK_v1,batch_size>dataset_size
ok,369063353231934321_micro_set2_BTS_v1,success
xx,369443170604599975_micro_set1_RSICB_v1,AMP
ok,369508182779028931_micro_set2_MD_6_v1,success
ok,371528607196402768_micro_set2_TEX_ALOT_v1,success
xx,37221791434615945_micro_set1_APL_v1,AMP
ok,37307671495575800_micro_set1_PLT_NET_v1,success
ok,37350531877396544_micro_set2_FNG_v1,success
xx,373547698321811056_micro_set0_PLK_v1,batch_size>dataset_size
xx,371516968197874570_micro_set1_MD_5_BIS_v1,OOM
xx,3750274056389796_micro_set0_PLT_VIL_v1,OOM
ok,376689781061107076_micro_set1_DOG_v1,success
ok,37787064348041360_micro_set1_PLT_NET_v1,success
xx,38030472476771687_micro_set0_RESISC_v1,batch_size>dataset_size
ok,380803707462728192_micro_set0_RESISC_v1,success
ok,381294759424366147_micro_set0_MD_MIX_v1,success
xx,382939277530488145_micro_set2_FNG_v1,AMP
ok,383000253793981688_micro_set1_MED_LF_v1,success
xx,38323655056451151_micro_set2_PLT_DOC_v1,AMP
xx,38745387116342701_micro_set1_ACT_40_v1,OOM
xx,387849969171057859_micro_set0_PLT_VIL_v1,OOM
xx,38831389370776058_micro_set0_RESISC_v1,NoCUDA
ok,38957712211755477_micro_set0_RESISC_v1,success
xx,39077907644951927_micro_set2_PLT_DOC_v1,batch_size>dataset_size
ok,39407297329918179_micro_set2_BTS_v1,success
ok,3944922950647818_micro_set2_BTS_v1,success
xx,39480565363055087_micro_set0_TEX_v1,AMP
ok,394862137841780592_micro_set2_TEX_ALOT_v1,success
xx,3951287931836386_micro_set2_FNG_v1,success
xx,3959772122849875_micro_set2_PRT_v1,AMP
ok,3969787273450632_micro_set1_APL_v1,success
ok,399988098508145958_micro_set0_TEX_v1,success
ok,40013232687724386_micro_set1_ACT_40_v1,success
ok,40557116272863260_micro_set2_PLT_DOC_v1,success
ok,40461340160259374_micro_set0_PLK_v1,success
xx,40671911691091898_micro_set1_PNU_v1,OOM
ok,409249233741803116_micro_set1_MD_5_BIS_v1,success
xx,409434342411816790_micro_set0_BRD_v1,batch_size>dataset_size
ok,40946550970229175_micro_set1_PLT_NET_v1,success
ok,41027085790602611_micro_set2_MD_6_v1,success
ok,41206841840372178_micro_set2_AWA_v1,success
xx,413871255037255477_micro_set1_INS_2_v1,success
xx,414036762816068225_micro_set2_PLT_DOC_v1,NoCUDA
xx,41465610437294450_micro_set1_TEX_DTD_v1,NoCUDA
xx,41555316666599440_micro_set0_BRD_v1,NoCUDA
xx,418807124459277243_micro_set2_PLT_DOC_v1,NoCUDA
xx,41429197724104419_micro_set0_BCT_v1,AMP
xx,41930128392714196_micro_set1_MD_5_BIS_v1,NoCUDA
xx,4199976799257491_micro_set0_SPT_v1,batch_size>dataset_size
xx,42155215156821286_micro_set2_INS_v1,NoCUDA
xx,42226226521041149_micro_set2_INS_v1,batch_size>dataset_size
xx,42618048938740683_micro_set1_RSICB_v1,NoCUDA
xx,42822545550178792_micro_set0_SPT_v1,NoCUDA
xx,42823449602586992_micro_set2_TEX_ALOT_v1,NoCUDA
xx,431437780062485_micro_set1_APL_v1,NoCUDA
xx,42623316737053501_micro_set1_PLT_NET_v1,OOM
xx,43321745634939722_micro_set0_MD_MIX_v1,NoCUDA
ok,43354979685720249_micro_set0_RESISC_v1,success
xx,433869641548092368_micro_set1_PNU_v1,NoCUDA
xx,43709805964489263_micro_set2_FNG_v1,NoCUDA
ok,429059418035281559_micro_set2_INS_v1,success
ok,44032994921607452_micro_set1_TEX_DTD_v1,success
ok,441445193845760774_micro_set2_PRT_v1,success
ok,43817978224557335_micro_set1_PLT_NET_v1,success
ok,4474171301038842_micro_set1_TEX_DTD_v1,success
xx,446086987312699480_micro_set1_ACT_40_v1,OOM
xx,4487595973004075_micro_set0_CRS_v1,diverged
xx,4496480346023866_micro_set1_TEX_DTD_v1,OOM
ok,451788041352295631_micro_set1_MD_5_BIS_v1,success
ok,45240668986546376_micro_set1_MD_5_BIS_v1,success
ok,45341249456938562_micro_set2_AWA_v1,success
ok,4541372873534812_micro_set2_RSD_v1,success
ok,4545872166627656_micro_set1_TEX_DTD_v1,success
xx,46046760252047024_micro_set2_ACT_410_v1,OOM
ok,46050820732658088_micro_set0_PLK_v1,success
ok,4612387144595225_micro_set1_DOG_v1,success
ok,4627230623051149_micro_set1_DOG_v1,success
xx,465260171570654639_micro_set1_APL_v1,AMP
ok,465277410127630_micro_set0_FLW_v1,success
ok,46868586722496281_micro_set0_PLT_VIL_v1,success
ok,47019126278192551_micro_set0_PLT_VIL_v1,success
ok,47053434308598105_micro_set1_PLT_NET_v1,success
xx,47201751949110695_micro_set0_BCT_v1,diverged
xx,47273957023917549_micro_set2_AWA_v1,OOM
xx,47481277378654799_micro_set1_PLT_NET_v1,batch_size>dataset_size
ok,475250360905782_micro_set0_FLW_v1,success
xx,47542955042670802_micro_set1_DOG_v1,batch_size>dataset_size
xx,478613217543004691_micro_set1_RSICB_v1,batch_size>dataset_size
ok,481708428384941529_micro_set0_RESISC_v1,success
ok,4825006266087276_micro_set2_AWA_v1,success
xx,4827419981204025_micro_set2_INS_v1,AMP
xx,4869369228381677_micro_set2_PRT_v1,batch_size>dataset_size
xx,4889187505799042_micro_set2_PLT_DOC_v1,OOM
xx,4977633984938039_micro_set1_RSICB_v1,AMP
ok,4992914828137472_micro_set0_BCT_v1,success
xx,5000109488429099_micro_set0_PLT_VIL_v1,OOM
ok,50585044401513393_micro_set1_INS_2_v1,success
ok,51147378281306364_micro_set0_PLT_VIL_v1,success
ok,51297827149782246_micro_set2_ACT_410_v1,success
xx,51333757106822585_micro_set1_APL_v1,batch_size>dataset_size
ok,5132767151680199_micro_set1_MD_5_BIS_v1,success
xx,51521086594632954_micro_set2_ACT_410_v1,OOM
xx,51949366798546772_micro_set1_RSICB_v1,OOM
ok,5205708307742307_micro_set2_FNG_v1,success
xx,52429105381401844_micro_set1_ACT_40_v1,batch_size>dataset_size
ok,52508861916644240_micro_set2_RSD_v1,success
ok,52764379248055181_micro_set2_TEX_ALOT_v1,success
xx,52977542840509459_micro_set0_BRD_v1,AMP
xx,53545301326609121_micro_set1_ACT_40_v1,OOM
ok,54030204140101166_micro_set1_APL_v1,success
xx,5421252461971083_micro_set0_MD_MIX_v1,OOM
ok,5451691089804054_micro_set0_MD_MIX_v1,success
ok,54640017771952928_micro_set2_TEX_ALOT_v1,success
ok,54925078319779770_micro_set1_ACT_40_v1,success
ok,55094486031499261_micro_set1_INS_2_v1,success
ok,55161992368920623_micro_set0_BCT_v1,success
ok,55270429832736247_micro_set2_MD_6_v1,success
ok,55938193195786366_micro_set2_ACT_410_v1,success
xx,5607613085878141_micro_set2_MD_6_v1,AMP
ok,5622877716060484_micro_set0_BRD_v1,success
ok,56882338235573855_micro_set1_INS_2_v1,success
ok,572214788982845074_micro_set1_DOG_v1,success
ok,57398686739932263_micro_set0_PLK_v1,success
ok,57301740740142664_micro_set0_PLT_VIL_v1,success
xx,575179815233795_micro_set0_RESISC_v1,OOM
ok,57580737540589443_micro_set2_MD_6_v1,success
ok,57600492225354933_micro_set0_PLT_VIL_v1,success
ok,57770168086219135_micro_set1_TEX_DTD_v1,success
xx,59167393436326492_micro_set2_FNG_v1,OOM
ok,59339651681888990_micro_set0_BRD_v1,success
ok,59846507081797941_micro_set2_PLT_DOC_v1,success
xx,59835313836990485_micro_set2_TEX_ALOT_v1,OOM
ok,60333795443254597_micro_set0_SPT_v1,success
ok,60475750578731543_micro_set0_CRS_v1,success
ok,60499568208248561_micro_set1_DOG_v1,success
ok,60539342520331108_micro_set2_INS_v1,success
xx,609302587504162444_micro_set0_MD_MIX_v1,batch_size>dataset_size
xx,61911219257537597_micro_set1_PNU_v1,batch_size>dataset_size
xx,62180725373487715_micro_set2_BTS_v1,OOM
xx,6260511707168941_micro_set2_TEX_ALOT_v1,OOM
ok,62736334599007598_micro_set2_ACT_410_v1,success
ok,62955343286763110_micro_set1_PNU_v1,success
xx,6336462635906378_micro_set1_TEX_DTD_v1,OOM
ok,63371886237906930_micro_set2_PRT_v1,success
ok,63798714579362047_micro_set2_MD_6_v1,success
xx,63948621538895000_micro_set1_RSICB_v1,cuDNN_error
xx,64136126381379767_micro_set1_DOG_v1,OOM
xx,64494459173355682_micro_set2_ACT_410_v1,OOM
ok,64504363983831427_micro_set2_FNG_v1,success
xx,64736850532697495_micro_set2_PRT_v1,batch_size>dataset_size
xx,65194176069559474_micro_set1_RSICB_v1,batch_size>dataset_size
ok,6567093053167842_micro_set2_TEX_ALOT_v1,success
ok,65999831525408013_micro_set2_PRT_v1,success
ok,66096380669434263_micro_set0_CRS_v1,success
ok,6613386273735397_micro_set2_RSD_v1,success
ok,6656690795856951_micro_set1_DOG_v1,success
ok,66634006747364986_micro_set2_RSD_v1,success
ok,66650801576313349_micro_set2_PRT_v1,success
ok,67594768991026426_micro_set1_DOG_v1,success
xx,67946623528818979_micro_set2_TEX_ALOT_v1,diverged
ok,68334495234014599_micro_set2_BTS_v1,success
ok,68829995792481333_micro_set1_ACT_40_v1,success
ok,68890458902539310_micro_set2_PLT_DOC_v1,success
ok,69274609454105864_micro_set2_BTS_v1,success
xx,69325132878257070_micro_set1_ACT_40_v1,OOM
ok,6973483024520722_micro_set0_BRD_v1,success
ok,69274609454105864_micro_set2_BTS_v1,success
xx,69962531844054832_micro_set2_ACT_410_v1,batch_size>dataset_size
xx,70966082422241267_micro_set0_BRD_v1,AMP
ok,71488234114223184_micro_set2_BTS_v1,success
ok,71729406298362821_micro_set2_RSD_v1,success
ok,71909733182411461_micro_set1_PNU_v1,success
xx,72015767942050615_micro_set1_RSICB_v1,AMP
ok,72092226311128031_micro_set1_MED_LF_v1,success
ok,7212752003848104_micro_set1_DOG_v1,success
ok,72291862674411644_micro_set1_PLT_NET_v1,success
ok,727581333136692_micro_set0_PLT_VIL_v1,success
ok,73134538052258618_micro_set0_TEX_v1,success
ok,7347469236817214_micro_set2_AWA_v1,success
ok,73708727487267336_micro_set2_PLT_DOC_v1,success
ok,73994337949491274_micro_set0_TEX_v1,success
ok,74114868598822210_micro_set0_PLT_VIL_v1,success
ok,7436581694966258_micro_set2_FNG_v1,success
ok,7461508995391304_micro_set1_APL_v1,success
ok,75141906236903709_micro_set0_SPT_v1,success
xx,75296470477308947_micro_set2_FNG_v1,batch_size>dataset_size
ok,75569745812553567_micro_set0_CRS_v1,success
ok,75753801767779434_micro_set2_PRT_v1,success
ok,76258374428159190_micro_set1_TEX_DTD_v1,success
ok,76652688682084821_micro_set2_FNG_v1,success
ok,7687226712481520_micro_set1_ACT_40_v1,success
xx,76875942204750309_micro_set1_PLT_NET_v1,AMP
ok,77032314379547257_micro_set0_RESISC_v1,success
xx,7718953234921633_micro_set0_FLW_v1,success
ok,77457284905378680_micro_set2_PLT_DOC_v1,success
ok,77643533360697106_micro_set1_MED_LF_v1,success
xx,77645828733035344_micro_set1_PLT_NET_v1,OOM
xx,77733410039412791_micro_set2_TEX_ALOT_v1,AMP
ok,77920208222203076_micro_set0_MD_MIX_v1,success
xx,7801879233350141_micro_set2_RSD_v1,AMP
ok,78153482037299674_micro_set2_INS_v1,success
ok,78345341007997479_micro_set2_MD_6_v1,success
ok,78967931247156430_micro_set0_BCT_v1,success
xx,79097329955943933_micro_set1_DOG_v1,AMP
xx,79113922731782409_micro_set0_FLW_v1,AMP
ok,7967480245489692_micro_set0_CRS_v1,success
ok,79770917207900544_micro_set1_PNU_v1,success
ok,79781578831786404_micro_set1_MED_LF_v1,success
ok,80041810376325138_micro_set1_PLT_NET_v1,success
ok,80110793352668328_micro_set2_FNG_v1,success
xx,80169889480376614_micro_set2_ACT_410_v1,batch_size>dataset_size
xx,80177529043602971_micro_set1_INS_2_v1,batch_size>dataset_size
xx,8057709134202555_micro_set2_PLT_DOC_v1,batch_size>dataset_size
xx,81175291617880369_micro_set0_TEX_v1,OOM
xx,81206571820144588_micro_set2_ACT_410_v1,batch_size>dataset_size
ok,8137136329313454_micro_set0_PLK_v1,success
xx,81930612044539784_micro_set2_PLT_DOC_v1,success
ok,8207867525976061_micro_set1_MED_LF_v1,success
ok,82883158921421006_micro_set2_AWA_v1,success
ok,83508953346278023_micro_set0_PLT_VIL_v1,success
xx,8380696395517577_micro_set2_INS_v1,batch_size>dataset_size
ok,84036852733002774_micro_set0_TEX_v1,success
ok,84399533489158598_micro_set1_MED_LF_v1,success
xx,84467004611076491_micro_set2_PLT_DOC_v1,AMP
ok,8447548076440512_micro_set2_INS_v1,success
ok,8468530412558281_micro_set0_PLK_v1,success
xx,8497737554124141_micro_set0_SPT_v1,success
ok,85532013881345289_micro_set0_PLK_v1,success
ok,85737362293581491_micro_set1_PNU_v1,success
ok,8578058555409782_micro_set0_BRD_v1,success
ok,85796778381269212_micro_set0_PLK_v1,success
xx,85949280884732543_micro_set2_INS_v1,batch_size>dataset_size
ok,86052314049118401_micro_set0_PLT_VIL_v1,success
xx,8608403463087439_micro_set1_TEX_DTD_v1,AMP
ok,86133443908396238_micro_set2_PRT_v1,success
xx,8637994092261026_micro_set1_PLT_NET_v1,OOM
xx,86480231801900429_micro_set1_APL_v1,AMP
xx,8656995836830596_micro_set1_RSICB_v1,OOM
xx,86845074873468965_micro_set0_PLK_v1,batch_size>dataset_size
ok,8750167696281324_micro_set0_RESISC_v1,success
ok,88294204012146433_micro_set1_MED_LF_v1,success
xx,88923893981051609_micro_set0_PLT_VIL_v1,diverged
ok,8906367072711278_micro_set1_APL_v1,success
ok,89355954643914990_micro_set0_RESISC_v1,success
xx,89764213862333248_micro_set1_MED_LF_v1,batch_size>dataset_size
ok,89847995938871857_micro_set2_PRT_v1,success
ok,90423711244262747_micro_set1_RSICB_v1,success
xx,9015096721711052_micro_set2_RSD_v1,OOM
xx,9076398784277335_micro_set2_FNG_v1,AMP
xx,91177920116448281_micro_set1_ACT_40_v1,batch_size>dataset_size
xx,91526077411213625_micro_set0_PLT_VIL_v1,batch_size>dataset_size
xx,91557843485330756_micro_set1_PLT_NET_v1,OOM
xx,9162125519456300_micro_set0_SPT_v1,OOM
ok,9207471057886966_micro_set2_PRT_v1,success
xx,93224730942870892_micro_set1_PNU_v1,batch_size>dataset_size
ok,93298976109242757_micro_set1_DOG_v1,success
xx,9367479447269371_micro_set0_BCT_v1,AMP
ok,93800163319976312_micro_set0_SPT_v1,success
ok,9382918694908868_micro_set2_MD_6_v1,success
xx,94423703936880635_micro_set2_RSD_v1,batch_size>dataset_size
ok,94553654778916875_micro_set1_PNU_v1,success
xx,9475640347826993_micro_set0_FLW_v1,AMP
xx,95036222183366447_micro_set1_APL_v1,batch_size>dataset_size
ok,95050594729282770_micro_set1_MD_5_BIS_v1,success
ok,9511947319230830_micro_set1_PNU_v1,success
ok,9553020130855316_micro_set2_MD_6_v1,success
xx,95530225245012312_micro_set1_RSICB_v1,OOM
xx,955681744039133_micro_set1_INS_2_v1,OOM
ok,95867507639169_micro_set2_AWA_v1,success
ok,96495394989119932_micro_set0_FLW_v1,success
ok,96565170690704784_micro_set2_PRT_v1,success
ok,96902343864137214_micro_set1_RSICB_v1,success
xx,97294331170195805_micro_set1_RSICB_v1,diverged
xx,9772389155840097_micro_set0_RESISC_v1,AMP
xx,97806753780340820_micro_set2_PRT_v1,OOM
ok,9793105592978646_micro_set1_PNU_v1,success
ok,99023671304204678_micro_set1_PLT_NET_v1,success
ok,996396123104645_micro_set1_PLT_NET_v1,success
ok,9977002583248901_micro_set2_TEX_ALOT_v1,success
